{
	"variables": [],
	"info": {
		"name": "AirportSystem",
		"_postman_id": "e42e7677-4ae3-8a5d-a1c6-88a87439f8a4",
		"description": "",
		"schema": "https://schema.getpostman.com/json/collection/v2.0.0/collection.json"
	},
	"item": [
		{
			"name": "localhost:8080/airportSystem/createStaff?staffId=5&name=han&password=bey&phone=85258&role=3&bossId=1",
			"request": {
				"url": {
					"raw": "localhost:8080/airportSystem/createStaff?staffId=5&name=han&password=bey&phone=85258&role=3&bossId=1",
					"host": [
						"localhost"
					],
					"port": "8080",
					"path": [
						"airportSystem",
						"createStaff"
					],
					"query": [
						{
							"key": "staffId",
							"value": "5",
							"equals": true,
							"description": ""
						},
						{
							"key": "name",
							"value": "han",
							"equals": true,
							"description": ""
						},
						{
							"key": "password",
							"value": "bey",
							"equals": true,
							"description": ""
						},
						{
							"key": "phone",
							"value": "85258",
							"equals": true,
							"description": ""
						},
						{
							"key": "role",
							"value": "3",
							"equals": true,
							"description": ""
						},
						{
							"key": "bossId",
							"value": "1",
							"equals": true,
							"description": ""
						}
					],
					"variable": []
				},
				"method": "POST",
				"header": [
					{
						"key": "Content-Type",
						"value": "application/json",
						"description": ""
					}
				],
				"body": {},
				"description": ""
			},
			"response": []
		},
		{
			"name": "localhost:8080/airportSystem/createDevice?deviceId=5&name=gear&location=alaska&contactId=-1",
			"request": {
				"url": {
					"raw": "localhost:8080/airportSystem/createDevice?deviceId=5&name=gear&location=alaska&contactId=-1",
					"host": [
						"localhost"
					],
					"port": "8080",
					"path": [
						"airportSystem",
						"createDevice"
					],
					"query": [
						{
							"key": "deviceId",
							"value": "5",
							"equals": true,
							"description": ""
						},
						{
							"key": "name",
							"value": "gear",
							"equals": true,
							"description": ""
						},
						{
							"key": "location",
							"value": "alaska",
							"equals": true,
							"description": ""
						},
						{
							"key": "contactId",
							"value": "-1",
							"equals": true,
							"description": ""
						}
					],
					"variable": []
				},
				"method": "POST",
				"header": [
					{
						"key": "Content-Type",
						"value": "application/json",
						"description": ""
					}
				],
				"body": {},
				"description": ""
			},
			"response": []
		},
		{
			"name": "localhost:8080/repair/approve?id=1&sid=-1&rid=-1&reject=false&suggestion=pumpair",
			"request": {
				"url": {
					"raw": "localhost:8080/repair/approve?id=1&sid=-1&rid=-1&reject=false&suggestion=pumpair",
					"host": [
						"localhost"
					],
					"port": "8080",
					"path": [
						"repair",
						"approve"
					],
					"query": [
						{
							"key": "id",
							"value": "1",
							"equals": true,
							"description": ""
						},
						{
							"key": "sid",
							"value": "-1",
							"equals": true,
							"description": ""
						},
						{
							"key": "rid",
							"value": "-1",
							"equals": true,
							"description": ""
						},
						{
							"key": "reject",
							"value": "false",
							"equals": true,
							"description": ""
						},
						{
							"key": "suggestion",
							"value": "pumpair",
							"equals": true,
							"description": ""
						}
					],
					"variable": []
				},
				"method": "POST",
				"header": [],
				"body": {},
				"description": ""
			},
			"response": []
		},
		{
			"name": "localhost:8080/repair/finishRepair?id=-1&sid=-1&did=-1&res=solved",
			"request": {
				"url": {
					"raw": "localhost:8080/repair/finishRepair?id=-1&sid=-1&did=-1&res=solved",
					"host": [
						"localhost"
					],
					"port": "8080",
					"path": [
						"repair",
						"finishRepair"
					],
					"query": [
						{
							"key": "id",
							"value": "-1",
							"equals": true,
							"description": ""
						},
						{
							"key": "sid",
							"value": "-1",
							"equals": true,
							"description": ""
						},
						{
							"key": "did",
							"value": "-1",
							"equals": true,
							"description": ""
						},
						{
							"key": "res",
							"value": "solved",
							"equals": true,
							"description": ""
						}
					],
					"variable": []
				},
				"method": "POST",
				"header": [],
				"body": {},
				"description": ""
			},
			"response": []
		},
		{
			"name": "localhost:8080/repair/feedback?id=-1&sid=-1&score=10&des=super",
			"request": {
				"url": {
					"raw": "localhost:8080/repair/feedback?id=-1&sid=-1&score=10&des=super",
					"host": [
						"localhost"
					],
					"port": "8080",
					"path": [
						"repair",
						"feedback"
					],
					"query": [
						{
							"key": "id",
							"value": "-1",
							"equals": true,
							"description": ""
						},
						{
							"key": "sid",
							"value": "-1",
							"equals": true,
							"description": ""
						},
						{
							"key": "score",
							"value": "10",
							"equals": true,
							"description": ""
						},
						{
							"key": "des",
							"value": "super",
							"equals": true,
							"description": ""
						}
					],
					"variable": []
				},
				"method": "POST",
				"header": [],
				"body": {},
				"description": ""
			},
			"response": []
		},
		{
			"name": "localhost:8080/raiseRepair/submitRequest?id=-2&did=-1&repairName=fixgears&price=1000.0&desc=pumpair&failTime=2022-06-14T22:41:24.424352950",
			"request": {
				"url": {
					"raw": "localhost:8080/raiseRepair/submitRequest?id=-2&did=-1&repairName=fixgears&price=1000.0&desc=pumpair&failTime=2022-06-14T22:41:24.424352950",
					"host": [
						"localhost"
					],
					"port": "8080",
					"path": [
						"raiseRepair",
						"submitRequest"
					],
					"query": [
						{
							"key": "id",
							"value": "-2",
							"equals": true,
							"description": ""
						},
						{
							"key": "did",
							"value": "-1",
							"equals": true,
							"description": ""
						},
						{
							"key": "repairName",
							"value": "fixgears",
							"equals": true,
							"description": ""
						},
						{
							"key": "price",
							"value": "1000.0",
							"equals": true,
							"description": ""
						},
						{
							"key": "desc",
							"value": "pumpair",
							"equals": true,
							"description": ""
						},
						{
							"key": "failTime",
							"value": "2022-06-14T22:41:24.424352950",
							"equals": true,
							"description": ""
						}
					],
					"variable": []
				},
				"method": "POST",
				"header": [],
				"body": {},
				"description": ""
			},
			"response": []
		}
	]
}